{
  "model": "Qwen/Qwen1.5-MoE-A2.7B-Chat",
  "base_column": "Original Query",
  "num_samples": 1570,
  "styles": {
    "shakespeare": {
      "column": "shakespeare Query",
      "mean_js": 0.02845021394792595,
      "mean_topk_overlap": 0.3749867303609342,
      "per_layer_js": [
        0.014693812775895782,
        0.012883379334590146,
        0.018393093334160057,
        0.019790377614354458,
        0.023724334025558767,
        0.023905695690351687,
        0.02429963061473,
        0.030703231142975032,
        0.02457414279679047,
        0.026639074350093002,
        0.03138332466832981,
        0.026403416986811295,
        0.03364432725979809,
        0.033224973721935856,
        0.024102259282252333,
        0.029134086786708806,
        0.037265342988176825,
        0.03936426981073063,
        0.03394301893047293,
        0.03223798664443866,
        0.032138363236742656,
        0.03541025171949553,
        0.04094704834180306,
        0.03399969269302691
      ],
      "per_layer_topk_overlap": [
        0.13662420382165605,
        0.7031847133757961,
        0.5407643312101911,
        0.38949044585987264,
        0.371656050955414,
        0.5735668789808918,
        0.6519108280254777,
        0.29012738853503184,
        0.41687898089171976,
        0.30445859872611464,
        0.30796178343949043,
        0.24331210191082803,
        0.2735668789808917,
        0.5805732484076433,
        0.2143312101910828,
        0.2286624203821656,
        0.5550955414012739,
        0.5226114649681529,
        0.2085987261146497,
        0.2898089171974522,
        0.5636942675159236,
        0.31019108280254776,
        0.13885350318471337,
        0.18375796178343948
      ]
    },
    "biblical": {
      "column": "biblical Query",
      "mean_js": 0.032430961951252696,
      "mean_topk_overlap": 0.3555201698513801,
      "per_layer_js": [
        0.015194841198433114,
        0.01408471176231681,
        0.015119348796708938,
        0.020740839827243073,
        0.023921423617453346,
        0.026850096520010858,
        0.029438263550872562,
        0.0348218116931762,
        0.030150752485743795,
        0.032600176664716166,
        0.0372650211293471,
        0.03297986833162539,
        0.0388040946059304,
        0.042305900499137974,
        0.03015972523140768,
        0.0339209739609206,
        0.039902411264130085,
        0.05050493247440125,
        0.03958162989909214,
        0.03776573662820217,
        0.03729923147418999,
        0.036927336340415014,
        0.044364161147778976,
        0.03363979772681105
      ],
      "per_layer_topk_overlap": [
        0.0945859872611465,
        0.7184713375796178,
        0.597452229299363,
        0.4786624203821656,
        0.4098726114649682,
        0.5923566878980892,
        0.643312101910828,
        0.2917197452229299,
        0.38057324840764334,
        0.2515923566878981,
        0.2484076433121019,
        0.1767515923566879,
        0.20414012738853504,
        0.5576433121019109,
        0.15127388535031847,
        0.22006369426751593,
        0.5662420382165605,
        0.5063694267515924,
        0.19904458598726116,
        0.1910828025477707,
        0.40382165605095544,
        0.29713375796178343,
        0.14267515923566879,
        0.20923566878980893
      ]
    },
    "opera": {
      "column": "opera Query",
      "mean_js": 0.030309044689777725,
      "mean_topk_overlap": 0.38649150743099786,
      "per_layer_js": [
        0.01310276354016945,
        0.013651483532307121,
        0.015201795721783696,
        0.019519214878947515,
        0.02067478861801324,
        0.028627418027919377,
        0.027089302095770287,
        0.03569297637829076,
        0.027767510993956482,
        0.03094403472723807,
        0.036232717602904176,
        0.03162034071009999,
        0.03559195258942561,
        0.03816679210436285,
        0.03146074314548602,
        0.03421964609177391,
        0.03941321570940073,
        0.04186558817560118,
        0.03635897556622708,
        0.03341454192381261,
        0.03175334220285484,
        0.030876523226445136,
        0.041273812107485965,
        0.03289759288438928
      ],
      "per_layer_topk_overlap": [
        0.15254777070063694,
        0.7277070063694268,
        0.6022292993630574,
        0.4894904458598726,
        0.4439490445859873,
        0.5665605095541402,
        0.639171974522293,
        0.30477707006369426,
        0.37484076433121016,
        0.2394904458598726,
        0.2856687898089172,
        0.21878980891719746,
        0.33726114649681527,
        0.5831210191082803,
        0.1700636942675159,
        0.16210191082802547,
        0.5840764331210191,
        0.5445859872611465,
        0.2050955414012739,
        0.36528662420382163,
        0.5770700636942675,
        0.38248407643312105,
        0.13152866242038216,
        0.18789808917197454
      ]
    },
    "epic_poetry": {
      "column": "epic_poetry Query",
      "mean_js": 0.031572867346014465,
      "mean_topk_overlap": 0.3557457537154989,
      "per_layer_js": [
        0.014682886146943666,
        0.014057538278789299,
        0.015588250592783563,
        0.01995915665156764,
        0.02156739983233488,
        0.028062607992320215,
        0.030430548443356083,
        0.037256188536761006,
        0.02928498885844709,
        0.030361640914754948,
        0.03440730916547004,
        0.03358612084573942,
        0.035638385384138556,
        0.03779826482404752,
        0.029884089735082345,
        0.033557695520496734,
        0.03958860617693757,
        0.044811979212250774,
        0.03923270012255108,
        0.03343121936545769,
        0.03671435719532824,
        0.03313879840288952,
        0.04757541328475505,
        0.037132670821144256
      ],
      "per_layer_topk_overlap": [
        0.10222929936305733,
        0.7305732484076433,
        0.5907643312101911,
        0.4394904458598726,
        0.4152866242038217,
        0.5659235668789809,
        0.5821656050955414,
        0.2089171974522293,
        0.32611464968152865,
        0.2337579617834395,
        0.2461783439490446,
        0.16942675159235668,
        0.3022292993630573,
        0.5694267515923567,
        0.1302547770700637,
        0.16847133757961782,
        0.5646496815286625,
        0.5041401273885351,
        0.17133757961783438,
        0.39713375796178346,
        0.5452229299363057,
        0.3557324840764331,
        0.08439490445859872,
        0.1340764331210191
      ]
    },
    "noir": {
      "column": "noir Query",
      "mean_js": 0.030180983668016345,
      "mean_topk_overlap": 0.36646762208067934,
      "per_layer_js": [
        0.01297630775837135,
        0.01241605689638721,
        0.01565364997205259,
        0.01838300571553075,
        0.020066121976399804,
        0.029252548478003328,
        0.027588384395290936,
        0.032581508226141795,
        0.02615176865743978,
        0.028191612306261313,
        0.03401191752508069,
        0.03206048041115688,
        0.03266324022567323,
        0.03741416829600265,
        0.029931901196516085,
        0.037012241934976126,
        0.04161434656608178,
        0.04178390985057943,
        0.03961416728378507,
        0.03297106904730276,
        0.03537431588687245,
        0.03465189133846752,
        0.03863756401212744,
        0.03334143007589129
      ],