{
  "model": "allenai/OLMoE-1B-7B-0924-Instruct",
  "base_column": "Original Query",
  "num_samples": 1570,
  "styles": {
    "shakespeare": {
      "column": "shakespeare Query",
      "mean_js": 0.028223643127743992,
      "mean_topk_overlap": 0.32478105095541404,
      "per_layer_js": [
        0.029011771820843215,
        0.012319974490471952,
        0.020921110903769493,
        0.02462508140458685,
        0.015296380785873202,
        0.01597024429625571,
        0.023093717260074375,
        0.022353098075265403,
        0.021768299609376585,
        0.020914172487693592,
        0.034520699005515354,
        0.03572983840802457,
        0.03582257597115073,
        0.03560860317469699,
        0.06220246302734317,
        0.041420259322962644
      ],
      "per_layer_topk_overlap": [
        0.45796178343949046,
        0.17388535031847133,
        0.524203821656051,
        0.3627388535031847,
        0.48121019108280255,
        0.20796178343949046,
        0.12165605095541401,
        0.2232484076433121,
        0.4945859872611465,
        0.3633757961783439,
        0.49171974522292994,
        0.2557324840764331,
        0.3802547770700637,
        0.45955414012738854,
        0.09044585987261146,
        0.10796178343949045
      ]
    },
    "biblical": {
      "column": "biblical Query",
      "mean_js": 0.03098846483885644,
      "mean_topk_overlap": 0.27716958598726116,
      "per_layer_js": [
        0.027216995726473896,
        0.013144869376390794,
        0.021658600284075184,
        0.02659550708339825,
        0.017770319987879674,
        0.019145444551907594,
        0.03300431877422554,
        0.03264973720165735,
        0.022834116542561556,
        0.02453324431993275,
        0.03846148101682569,
        0.04234991339483018,
        0.03763661585054919,
        0.042683056237531894,
        0.05996449953366136,
        0.036166717539802135
      ],
      "per_layer_topk_overlap": [
        0.48662420382165605,
        0.12547770700636943,
        0.4799363057324841,
        0.35127388535031845,
        0.4445859872611465,
        0.17388535031847133,
        0.09203821656050955,
        0.15477707006369426,
        0.4888535031847134,
        0.2735668789808917,
        0.4853503184713376,
        0.1305732484076433,
        0.3038216560509554,
        0.23598726114649682,
        0.08566878980891719,
        0.12229299363057325
      ]
    },
    "opera": {
      "column": "opera Query",
      "mean_js": 0.023151028996400147,
      "mean_topk_overlap": 0.33355891719745223,
      "per_layer_js": [
        0.022718584698206024,
        0.01455255870150263,
        0.017719904880522174,
        0.01968601846913118,
        0.016937052207198548,
        0.01504458930627718,
        0.018338452687716895,
        0.02147201126453716,
        0.019175608156821275,
        0.023220116068187694,
        0.02732912815902267,
        0.027528720642865906,
        0.029608576187239707,
        0.030088976563650345,
        0.040330899554060946,
        0.026665266395462028
      ],
      "per_layer_topk_overlap": [
        0.4984076433121019,
        0.08280254777070063,
        0.5461783439490446,
        0.38471337579617837,
        0.3888535031847134,
        0.2531847133757962,
        0.2929936305732484,
        0.19649681528662422,
        0.5082802547770701,
        0.24235668789808917,
        0.5057324840764331,
        0.23853503184713376,
        0.3414012738853503,
        0.4531847133757962,
        0.2054140127388535,
        0.19840764331210192
      ]
    },
    "epic_poetry": {
      "column": "epic_poetry Query",
      "mean_js": 0.03164283469934407,
      "mean_topk_overlap": 0.21711783439490445,
      "per_layer_js": [
        0.028189820186629865,
        0.015276654697374829,
        0.021127821831380875,
        0.0243051772370799,
        0.01704628738714344,
        0.021258453246751255,
        0.0274116385252988,
        0.028236470828287324,
        0.024977307849963257,
        0.026629585749526886,
        0.03778699157172491,
        0.04073243026324241,
        0.03774360066778355,
        0.043414678915687684,
        0.06731875614587975,
        0.04482968008575036
      ],
      "per_layer_topk_overlap": [
        0.4767515923566879,
        0.09713375796178345,
        0.5130573248407644,
        0.2627388535031847,
        0.3821656050955414,
        0.09140127388535031,
        0.13280254777070064,
        0.09777070063694268,
        0.3487261146496815,
        0.09235668789808917,
        0.3665605095541401,
        0.06624203821656051,
        0.18821656050955415,
        0.22420382165605096,
        0.062420382165605096,
        0.07133757961783439
      ]
    },
    "noir": {
      "column": "noir Query",
      "mean_js": 0.02176386051672137,
      "mean_topk_overlap": 0.342515923566879,
      "per_layer_js": [
        0.019615825697403957,
        0.012299517041611481,
        0.01666591186208839,
        0.018255134795087502,
        0.014834328175813349,
        0.014797365460486139,
        0.016754043585237417,
        0.01866578005020221,
        0.021072837437711184,
        0.023246039251075504,
        0.02501384194579523,
        0.025371060447785792,
        0.031416591098768716,
        0.03142026799745171,
        0.033537087649348096,
        0.025256135771675275
      ],
      "per_layer_topk_overlap": [
        0.493312101910828,
        0.14745222929936305,
        0.5611464968152866,
        0.35095541401273883,
        0.43280254777070065,
        0.30796178343949043,
        0.29777070063694266,
        0.3538216560509554,
        0.489171974522293,
        0.23980891719745223,
        0.42038216560509556,
        0.25955414012738853,
        0.22961783439490446,
        0.3926751592356688,
        0.25605095541401274,
        0.24777070063694268
      ]
    },
    "high_fantasy": {
      "column": "high_fantasy Query",
      "mean_js": 0.02897123674190257,
      "mean_topk_overlap": 0.20185111464968153,
      "per_layer_js": [
        0.0288450573884904,
        0.016135743066574747,
        0.02305611291547845,
        0.023730614091745438,
        0.018184846901864886,
        0.018988645359351096,
        0.02365141820784849,
        0.025411114376514974,
        0.02398574947616346,
        0.027649001028371152,
        0.031392938595466775,
        0.033236258917994546,
        0.035608842272599896,
        0.043778676804680755,
        0.05350808318409014,
        0.03637668528320594
      ],
      "per_layer_topk_overlap": [
        0.4745222929936306,
        0.07038216560509554,
        0.4751592356687898,
        0.1840764331210191,
        0.3662420382165605,
        0.11464968152866242,
        0.15063694267515923,
        0.1286624203821656,
        0.28535031847133757,
        0.07420382165605095,
        0.3856687898089172,
        0.0786624203821656,
        0.14681528662420382,
        0.14012738853503184,
        0.06878980891719745,
        0.08566878980891719
      ]
    },
    "cyberpunk": {
      "column": "cyberpunk Query",
      "mean_js": 0.021846538799226822,
      "mean_topk_overlap": 0.32525875796178344,
      "per_layer_js": [
        0.019560590887561284,
        0.012612397367026417,
        0.016808054722530726,
        0.018845500379081958,
        0.013646279258773254,
        0.014529182216818114,
        0.015663955275443422,
        0.017533832834832973,
        0.020015594860301127,
        0.022944431081271737,
        0.025165271146614078,
        0.024880626412826453,
        0.03111521476704181,
        0.032276456059821886,
        0.036059604487070636,
        0.027887629030613266
      ],